{
  "manifest_version": 2,
  "name": "Whisper Network - Anonymiseur IA",
  "version": "1.0.0",
  "description": "Anonymise automatiquement vos questions avant de les envoyer aux IA (ChatGPT, Claude, Mistral, etc.)",
  
  "permissions": [
    "activeTab",
    "storage",
    "contextMenus",
    "https://chat.openai.com/*",
    "https://claude.ai/*",
    "https://chat.mistral.ai/*",
    "https://gemini.google.com/*",
    "https://you.com/*",
    "https://poe.com/*"
  ],
  
  "background": {
    "scripts": ["background-firefox.js"],
    "persistent": false
  },
  
  "content_scripts": [
    {
      "matches": [
        "https://chat.openai.com/*",
        "https://claude.ai/*",
        "https://chat.mistral.ai/*",
        "https://gemini.google.com/*",
        "https://you.com/*",
        "https://poe.com/*"
      ],
      "js": ["content.js"],
      "css": ["content.css"],
      "run_at": "document_end"
    }
  ],
  
  "browser_action": {
    "default_popup": "popup.html",
    "default_title": "Whisper Network - Configuration",
    "default_icon": {
      "16": "icons/icon16.png",
      "32": "icons/icon32.png",
      "48": "icons/icon48.png",
      "128": "icons/icon128.png"
    }
  },
  
  "icons": {
    "16": "icons/icon16.png",
    "32": "icons/icon32.png",
    "48": "icons/icon48.png",
    "128": "icons/icon128.png"
  },
  
  "web_accessible_resources": [
    "whisper-ui.js",
    "whisper-ui.css"
  ]
}